J_tau,J_pos,J_ori,J_sc
0.250000,0.050000,0.200000,0.200000        n0.250016,0.050006,0.200032,0.200000        n0.250000,0.050000,0.200000,0.200000        n0.260142,0.054468,0.200000,0.220284        n0.250000,0.050000,0.200000,0.200000        n0.250009,0.050004,0.200018,0.200000        n0.250000,0.050000,0.200000,0.200000        n0.250009,0.050004,0.200019,0.200000        n0.250000,0.050000,0.200000,0.200000        n0.250000,0.050000,0.200000,0.200000        n0.250000,0.050000,0.200000,0.200000        n0.250000,0.050000,0.200000,0.200000        n0.250000,0.050000,0.200000,0.200000        n0.250455,0.050183,0.200911,0.200000        n0.250002,0.050001,0.200004,0.200000        n0.251833,0.050747,0.203666,0.200000        n